protocol,run_id_unique,source_run_id,test_date_iso,campaign_folder,raw_xml,control_csv,raw_xml_size_bytes
TMCA,2025_12_29_TMCA__AA7075_0.3_2,AA7075_0.3_2,2025-12-29,2025_12_29_TMCA,raw_data/TMCA/2025_12_29_TMCA/AA7075_0.3_2.xml,data/control_csv/tmca_raw/2025_12_29_TMCA/AA7075_0.3_2.csv,11777973
TMCA,2025_12_29_TMCA__AA7075_0.3_3,AA7075_0.3_3,2025-12-29,2025_12_29_TMCA,raw_data/TMCA/2025_12_29_TMCA/AA7075_0.3_3.xml,data/control_csv/tmca_raw/2025_12_29_TMCA/AA7075_0.3_3.csv,11774196
TMCA,2025_12_29_TMCA__AA7075_0.3_H_7,AA7075_0.3_H_7,2025-12-29,2025_12_29_TMCA,raw_data/TMCA/2025_12_29_TMCA/AA7075_0.3_H_7.xml,data/control_csv/tmca_raw/2025_12_29_TMCA/AA7075_0.3_H_7.csv,11796580
TMCA,2025_12_29_TMCA__AA7075_0.3_H_8,AA7075_0.3_H_8,2025-12-29,2025_12_29_TMCA,raw_data/TMCA/2025_12_29_TMCA/AA7075_0.3_H_8.xml,data/control_csv/tmca_raw/2025_12_29_TMCA/AA7075_0.3_H_8.csv,11783106
TMCA,2025_12_29_TMCA__B7F0SL13_5,B7F0SL13_5,2025-12-29,2025_12_29_TMCA,raw_data/TMCA/2025_12_29_TMCA/B7F0SL13_5.xml,data/control_csv/tmca_raw/2025_12_29_TMCA/B7F0SL13_5.csv,11406788
TMCA,2025_12_29_TMCA__Test_4,Test_4,2025-12-29,2025_12_29_TMCA,raw_data/TMCA/2025_12_29_TMCA/Test_4.xml,data/control_csv/tmca_raw/2025_12_29_TMCA/Test_4.csv,11388899
TMCA,2025_12_29_TMCA__test1_4,test1_4,2025-12-29,2025_12_29_TMCA,raw_data/TMCA/2025_12_29_TMCA/test1_4.xml,data/control_csv/tmca_raw/2025_12_29_TMCA/test1_4.csv,11760728
TMCA,2025_12_29_TMCA__test_2,test_2,2025-12-29,2025_12_29_TMCA,raw_data/TMCA/2025_12_29_TMCA/test_2.xml,data/control_csv/tmca_raw/2025_12_29_TMCA/test_2.csv,11674909
TMCA,2025_12_30_TMCA__B6F0SL_2,B6F0SL_2,2025-12-30,2025_12_30_TMCA,raw_data/TMCA/2025_12_30_TMCA/B6F0SL_2.xml,data/control_csv/tmca_raw/2025_12_30_TMCA/B6F0SL_2.csv,11934889
TMCA,2025_12_30_TMCA__B6F0SL_3,B6F0SL_3,2025-12-30,2025_12_30_TMCA,raw_data/TMCA/2025_12_30_TMCA/B6F0SL_3.xml,data/control_csv/tmca_raw/2025_12_30_TMCA/B6F0SL_3.csv,11775533
TMCA,2025_12_30_TMCA__B6F0SL_4,B6F0SL_4,2025-12-30,2025_12_30_TMCA,raw_data/TMCA/2025_12_30_TMCA/B6F0SL_4.xml,data/control_csv/tmca_raw/2025_12_30_TMCA/B6F0SL_4.csv,11776452
TMCA,2025_12_30_TMCA__B6F0SL_5,B6F0SL_5,2025-12-30,2025_12_30_TMCA,raw_data/TMCA/2025_12_30_TMCA/B6F0SL_5.xml,data/control_csv/tmca_raw/2025_12_30_TMCA/B6F0SL_5.csv,11796174
TMCA,2025_12_30_TMCA__B6F0SL_6,B6F0SL_6,2025-12-30,2025_12_30_TMCA,raw_data/TMCA/2025_12_30_TMCA/B6F0SL_6.xml,data/control_csv/tmca_raw/2025_12_30_TMCA/B6F0SL_6.csv,11842071
TMCA,2025_12_30_TMCA__B6F0SL_H_12,B6F0SL_H_12,2025-12-30,2025_12_30_TMCA,raw_data/TMCA/2025_12_30_TMCA/B6F0SL_H_12.xml,data/control_csv/tmca_raw/2025_12_30_TMCA/B6F0SL_H_12.csv,11781747
TMCA,2025_12_30_TMCA__B6F0SL_H_13,B6F0SL_H_13,2025-12-30,2025_12_30_TMCA,raw_data/TMCA/2025_12_30_TMCA/B6F0SL_H_13.xml,data/control_csv/tmca_raw/2025_12_30_TMCA/B6F0SL_H_13.csv,11784851
TMCA,2025_12_30_TMCA__B6F5SL_18,B6F5SL_18,2025-12-30,2025_12_30_TMCA,raw_data/TMCA/2025_12_30_TMCA/B6F5SL_18.xml,data/control_csv/tmca_raw/2025_12_30_TMCA/B6F5SL_18.csv,11779805
TMCA,2025_12_30_TMCA__B6F5SL_19,B6F5SL_19,2025-12-30,2025_12_30_TMCA,raw_data/TMCA/2025_12_30_TMCA/B6F5SL_19.xml,data/control_csv/tmca_raw/2025_12_30_TMCA/B6F5SL_19.csv,11773907
TMCA,2025_12_30_TMCA__B6F5SL_20,B6F5SL_20,2025-12-30,2025_12_30_TMCA,raw_data/TMCA/2025_12_30_TMCA/B6F5SL_20.xml,data/control_csv/tmca_raw/2025_12_30_TMCA/B6F5SL_20.csv,11811177
TMCA,2025_12_30_TMCA__B6F5SL_21,B6F5SL_21,2025-12-30,2025_12_30_TMCA,raw_data/TMCA/2025_12_30_TMCA/B6F5SL_21.xml,data/control_csv/tmca_raw/2025_12_30_TMCA/B6F5SL_21.csv,11810300
TMCA,2025_12_30_TMCA__B6F5SL_24,B6F5SL_24,2025-12-30,2025_12_30_TMCA,raw_data/TMCA/2025_12_30_TMCA/B6F5SL_24.xml,data/control_csv/tmca_raw/2025_12_30_TMCA/B6F5SL_24.csv,11780105
TMCA,2025_12_30_TMCA__B6F5SL_25,B6F5SL_25,2025-12-30,2025_12_30_TMCA,raw_data/TMCA/2025_12_30_TMCA/B6F5SL_25.xml,data/control_csv/tmca_raw/2025_12_30_TMCA/B6F5SL_25.csv,11826041
TMCA,2025_12_30_TMCA__B6F5SL_26,B6F5SL_26,2025-12-30,2025_12_30_TMCA,raw_data/TMCA/2025_12_30_TMCA/B6F5SL_26.xml,data/control_csv/tmca_raw/2025_12_30_TMCA/B6F5SL_26.csv,11820710
TMCA,2025_12_30_TMCA__B7F0SL_27,B7F0SL_27,2025-12-30,2025_12_30_TMCA,raw_data/TMCA/2025_12_30_TMCA/B7F0SL_27.xml,data/control_csv/tmca_raw/2025_12_30_TMCA/B7F0SL_27.csv,11766749
TMCA,2025_12_30_TMCA__B7F0SL_28,B7F0SL_28,2025-12-30,2025_12_30_TMCA,raw_data/TMCA/2025_12_30_TMCA/B7F0SL_28.xml,data/control_csv/tmca_raw/2025_12_30_TMCA/B7F0SL_28.csv,11784806
TMCA,2025_12_30_TMCA__B7F0SL_7,B7F0SL_7,2025-12-30,2025_12_30_TMCA,raw_data/TMCA/2025_12_30_TMCA/B7F0SL_7.xml,data/control_csv/tmca_raw/2025_12_30_TMCA/B7F0SL_7.csv,11775189
TMCA,2025_12_30_TMCA__B7F0SL_8,B7F0SL_8,2025-12-30,2025_12_30_TMCA,raw_data/TMCA/2025_12_30_TMCA/B7F0SL_8.xml,data/control_csv/tmca_raw/2025_12_30_TMCA/B7F0SL_8.csv,11781743
TMCA,2025_12_30_TMCA__B7F0SL_9,B7F0SL_9,2025-12-30,2025_12_30_TMCA,raw_data/TMCA/2025_12_30_TMCA/B7F0SL_9.xml,data/control_csv/tmca_raw/2025_12_30_TMCA/B7F0SL_9.csv,11784229
TMCA,2025_12_30_TMCA__B7F0SL_H_10,B7F0SL_H_10,2025-12-30,2025_12_30_TMCA,raw_data/TMCA/2025_12_30_TMCA/B7F0SL_H_10.xml,data/control_csv/tmca_raw/2025_12_30_TMCA/B7F0SL_H_10.csv,11787350
TMCA,2025_12_30_TMCA__B7F0SL_H_11,B7F0SL_H_11,2025-12-30,2025_12_30_TMCA,raw_data/TMCA/2025_12_30_TMCA/B7F0SL_H_11.xml,data/control_csv/tmca_raw/2025_12_30_TMCA/B7F0SL_H_11.csv,11793950
TMCA,2025_12_30_TMCA__B7F5SL_16,B7F5SL_16,2025-12-30,2025_12_30_TMCA,raw_data/TMCA/2025_12_30_TMCA/B7F5SL_16.xml,data/control_csv/tmca_raw/2025_12_30_TMCA/B7F5SL_16.csv,11771226
TMCA,2025_12_30_TMCA__B7F5SL_17,B7F5SL_17,2025-12-30,2025_12_30_TMCA,raw_data/TMCA/2025_12_30_TMCA/B7F5SL_17.xml,data/control_csv/tmca_raw/2025_12_30_TMCA/B7F5SL_17.csv,11791031
TMCA,2025_12_30_TMCA__B7F5SL_22,B7F5SL_22,2025-12-30,2025_12_30_TMCA,raw_data/TMCA/2025_12_30_TMCA/B7F5SL_22.xml,data/control_csv/tmca_raw/2025_12_30_TMCA/B7F5SL_22.csv,11783994
TMCA,2025_12_30_TMCA__B7F5SL_23,B7F5SL_23,2025-12-30,2025_12_30_TMCA,raw_data/TMCA/2025_12_30_TMCA/B7F5SL_23.xml,data/control_csv/tmca_raw/2025_12_30_TMCA/B7F5SL_23.csv,11780555
TMCA,2025_12_30_TMCA__B7FT7SL_14,B7FT7SL_14,2025-12-30,2025_12_30_TMCA,raw_data/TMCA/2025_12_30_TMCA/B7FT7SL_14.xml,data/control_csv/tmca_raw/2025_12_30_TMCA/B7FT7SL_14.csv,11775718
TMCA,2025_12_30_TMCA__B7FT7SL_15,B7FT7SL_15,2025-12-30,2025_12_30_TMCA,raw_data/TMCA/2025_12_30_TMCA/B7FT7SL_15.xml,data/control_csv/tmca_raw/2025_12_30_TMCA/B7FT7SL_15.csv,11765860
TMCA,2026_2_22_TMCA__B6F0SL_4,B6F0SL_4,2026-02-22,2026_2_22_TMCA,raw_data/TMCA/2026_2_22_TMCA/B6F0SL_4.xml,data/control_csv/tmca_raw/2026_2_22_TMCA/B6F0SL_4.csv,11776823
TMCA,2026_2_22_TMCA__B7F0SL_16,B7F0SL_16,2026-02-22,2026_2_22_TMCA,raw_data/TMCA/2026_2_22_TMCA/B7F0SL_16.xml,data/control_csv/tmca_raw/2026_2_22_TMCA/B7F0SL_16.csv,11780619
TMCA,2026_2_22_TMCA__B7F0SL_17,B7F0SL_17,2026-02-22,2026_2_22_TMCA,raw_data/TMCA/2026_2_22_TMCA/B7F0SL_17.xml,data/control_csv/tmca_raw/2026_2_22_TMCA/B7F0SL_17.csv,11372457
TMCA,2026_2_22_TMCA__TMCA_3,TMCA_3,2026-02-22,2026_2_22_TMCA,raw_data/TMCA/2026_2_22_TMCA/TMCA_3.xml,data/control_csv/tmca_raw/2026_2_22_TMCA/TMCA_3.csv,12071086
TMCA,2026_2_26_TMCA__B6F0SL_22,B6F0SL_22,2026-02-26,2026_2_26_TMCA,raw_data/TMCA/2026_2_26_TMCA/B6F0SL_22.xml,data/control_csv/tmca_raw/2026_2_26_TMCA/B6F0SL_22.csv,11775609
TMCA,2026_2_26_TMCA__B6F0SL_23,B6F0SL_23,2026-02-26,2026_2_26_TMCA,raw_data/TMCA/2026_2_26_TMCA/B6F0SL_23.xml,data/control_csv/tmca_raw/2026_2_26_TMCA/B6F0SL_23.csv,11762610
TMCA,2026_2_26_TMCA__B6F0SL_9,B6F0SL_9,2026-02-26,2026_2_26_TMCA,raw_data/TMCA/2026_2_26_TMCA/B6F0SL_9.xml,data/control_csv/tmca_raw/2026_2_26_TMCA/B6F0SL_9.csv,11790769
TMCA,2026_2_26_TMCA__B6F5SL_25,B6F5SL_25,2026-02-26,2026_2_26_TMCA,raw_data/TMCA/2026_2_26_TMCA/B6F5SL_25.xml,data/control_csv/tmca_raw/2026_2_26_TMCA/B6F5SL_25.csv,11769444
TMCA,2026_2_26_TMCA__B6F5SL_26,B6F5SL_26,2026-02-26,2026_2_26_TMCA,raw_data/TMCA/2026_2_26_TMCA/B6F5SL_26.xml,data/control_csv/tmca_raw/2026_2_26_TMCA/B6F5SL_26.csv,11781632
TMCA,2026_2_26_TMCA__B6F5SL_3,B6F5SL_3,2026-02-26,2026_2_26_TMCA,raw_data/TMCA/2026_2_26_TMCA/B6F5SL_3.xml,data/control_csv/tmca_raw/2026_2_26_TMCA/B6F5SL_3.csv,11780230
TMCA,2026_2_26_TMCA__test_2,test_2,2026-02-26,2026_2_26_TMCA,raw_data/TMCA/2026_2_26_TMCA/test_2.xml,data/control_csv/tmca_raw/2026_2_26_TMCA/test_2.csv,11764391
TMCA,2026_3_15_TMCA__B7F0SL_2,B7F0SL_2,2026-03-15,2026_3_15_TMCA,raw_data/TMCA/2026_3_15_TMCA/B7F0SL_2.xml,data/control_csv/tmca_raw/2026_3_15_TMCA/B7F0SL_2.csv,11784454
TMCA,2026_3_15_TMCA__B7F0SL_3,B7F0SL_3,2026-03-15,2026_3_15_TMCA,raw_data/TMCA/2026_3_15_TMCA/B7F0SL_3.xml,data/control_csv/tmca_raw/2026_3_15_TMCA/B7F0SL_3.csv,11778343
TMCA,2026_3_15_TMCA__B7F0SL_4,B7F0SL_4,2026-03-15,2026_3_15_TMCA,raw_data/TMCA/2026_3_15_TMCA/B7F0SL_4.xml,data/control_csv/tmca_raw/2026_3_15_TMCA/B7F0SL_4.csv,11771760
TMCA,2026_3_15_TMCA__B7F0SL_5,B7F0SL_5,2026-03-15,2026_3_15_TMCA,raw_data/TMCA/2026_3_15_TMCA/B7F0SL_5.xml,data/control_csv/tmca_raw/2026_3_15_TMCA/B7F0SL_5.csv,11788018
TMCA,2026_3_15_TMCA__B7F0SL_6,B7F0SL_6,2026-03-15,2026_3_15_TMCA,raw_data/TMCA/2026_3_15_TMCA/B7F0SL_6.xml,data/control_csv/tmca_raw/2026_3_15_TMCA/B7F0SL_6.csv,11779227
TMCA,2026_3_15_TMCA__B7F0SL_7,B7F0SL_7,2026-03-15,2026_3_15_TMCA,raw_data/TMCA/2026_3_15_TMCA/B7F0SL_7.xml,data/control_csv/tmca_raw/2026_3_15_TMCA/B7F0SL_7.csv,11782980
TMCA,2026_3_15_TMCA__B7F5SL_10,B7F5SL_10,2026-03-15,2026_3_15_TMCA,raw_data/TMCA/2026_3_15_TMCA/B7F5SL_10.xml,data/control_csv/tmca_raw/2026_3_15_TMCA/B7F5SL_10.csv,11789318
TMCA,2026_3_15_TMCA__B7F5SL_11,B7F5SL_11,2026-03-15,2026_3_15_TMCA,raw_data/TMCA/2026_3_15_TMCA/B7F5SL_11.xml,data/control_csv/tmca_raw/2026_3_15_TMCA/B7F5SL_11.csv,11769487
TMCA,2026_3_15_TMCA__B7F5SL_12,B7F5SL_12,2026-03-15,2026_3_15_TMCA,raw_data/TMCA/2026_3_15_TMCA/B7F5SL_12.xml,data/control_csv/tmca_raw/2026_3_15_TMCA/B7F5SL_12.csv,11787885
TMCA,2026_3_15_TMCA__B7F5SL_13,B7F5SL_13,2026-03-15,2026_3_15_TMCA,raw_data/TMCA/2026_3_15_TMCA/B7F5SL_13.xml,data/control_csv/tmca_raw/2026_3_15_TMCA/B7F5SL_13.csv,11761200
TMCA,2026_3_15_TMCA__B7F5SL_8,B7F5SL_8,2026-03-15,2026_3_15_TMCA,raw_data/TMCA/2026_3_15_TMCA/B7F5SL_8.xml,data/control_csv/tmca_raw/2026_3_15_TMCA/B7F5SL_8.csv,11764542
TMCA,2026_3_15_TMCA__B7F5SL_9,B7F5SL_9,2026-03-15,2026_3_15_TMCA,raw_data/TMCA/2026_3_15_TMCA/B7F5SL_9.xml,data/control_csv/tmca_raw/2026_3_15_TMCA/B7F5SL_9.csv,11773466
TMCA,2026_3_27_TMCA__B6F5SL_14,B6F5SL_14,2026-03-27,2026_3_27_TMCA,raw_data/TMCA/2026_3_27_TMCA/B6F5SL_14.xml,data/control_csv/tmca_raw/2026_3_27_TMCA/B6F5SL_14.csv,11766560
TMCA,2026_3_27_TMCA__B7F0SL_15,B7F0SL_15,2026-03-27,2026_3_27_TMCA,raw_data/TMCA/2026_3_27_TMCA/B7F0SL_15.xml,data/control_csv/tmca_raw/2026_3_27_TMCA/B7F0SL_15.csv,11778994
TMCA,2026_3_27_TMCA__B7F0SL_H_16,B7F0SL_H_16,2026-03-27,2026_3_27_TMCA,raw_data/TMCA/2026_3_27_TMCA/B7F0SL_H_16.xml,data/control_csv/tmca_raw/2026_3_27_TMCA/B7F0SL_H_16.csv,11793534
TMCA,2026_3_27_TMCA__B7F0SL_H_17,B7F0SL_H_17,2026-03-27,2026_3_27_TMCA,raw_data/TMCA/2026_3_27_TMCA/B7F0SL_H_17.xml,data/control_csv/tmca_raw/2026_3_27_TMCA/B7F0SL_H_17.csv,11795833
TMCA,2026_3_27_TMCA__spring_10,spring_10,2026-03-27,2026_3_27_TMCA,raw_data/TMCA/2026_3_27_TMCA/spring_10.xml,data/control_csv/tmca_raw/2026_3_27_TMCA/spring_10.csv,11243773
TMCA,2026_3_27_TMCA__spring_11,spring_11,2026-03-27,2026_3_27_TMCA,raw_data/TMCA/2026_3_27_TMCA/spring_11.xml,data/control_csv/tmca_raw/2026_3_27_TMCA/spring_11.csv,11800982
TMCA,2026_3_27_TMCA__spring_12,spring_12,2026-03-27,2026_3_27_TMCA,raw_data/TMCA/2026_3_27_TMCA/spring_12.xml,data/control_csv/tmca_raw/2026_3_27_TMCA/spring_12.csv,11885142
TMCA,2026_3_27_TMCA__spring_6,spring_6,2026-03-27,2026_3_27_TMCA,raw_data/TMCA/2026_3_27_TMCA/spring_6.xml,data/control_csv/tmca_raw/2026_3_27_TMCA/spring_6.csv,11761325
TMCA,2026_3_27_TMCA__spring_7,spring_7,2026-03-27,2026_3_27_TMCA,raw_data/TMCA/2026_3_27_TMCA/spring_7.xml,data/control_csv/tmca_raw/2026_3_27_TMCA/spring_7.csv,10939123
TMCA,2026_3_27_TMCA__spring_8,spring_8,2026-03-27,2026_3_27_TMCA,raw_data/TMCA/2026_3_27_TMCA/spring_8.xml,data/control_csv/tmca_raw/2026_3_27_TMCA/spring_8.csv,10939126
TMCA,2026_3_27_TMCA__spring_9,spring_9,2026-03-27,2026_3_27_TMCA,raw_data/TMCA/2026_3_27_TMCA/spring_9.xml,data/control_csv/tmca_raw/2026_3_27_TMCA/spring_9.csv,11740601
TMCA,2026_3_29_TMCA__B6F0SL_20,B6F0SL_20,2026-03-29,2026_3_29_TMCA,raw_data/TMCA/2026_3_29_TMCA/B6F0SL_20.xml,data/control_csv/tmca_raw/2026_3_29_TMCA/B6F0SL_20.csv,11778613
TMCA,2026_3_29_TMCA__B6F0SL_H_21,B6F0SL_H_21,2026-03-29,2026_3_29_TMCA,raw_data/TMCA/2026_3_29_TMCA/B6F0SL_H_21.xml,data/control_csv/tmca_raw/2026_3_29_TMCA/B6F0SL_H_21.csv,11788624
TMCA,2026_3_29_TMCA__B6F0SL_H_22,B6F0SL_H_22,2026-03-29,2026_3_29_TMCA,raw_data/TMCA/2026_3_29_TMCA/B6F0SL_H_22.xml,data/control_csv/tmca_raw/2026_3_29_TMCA/B6F0SL_H_22.csv,11782004
TMCA,2026_3_29_TMCA__B7FT7SL_18,B7FT7SL_18,2026-03-29,2026_3_29_TMCA,raw_data/TMCA/2026_3_29_TMCA/B7FT7SL_18.xml,data/control_csv/tmca_raw/2026_3_29_TMCA/B7FT7SL_18.csv,11678869
TMCA,2026_3_29_TMCA__B7FT7SL_19,B7FT7SL_19,2026-03-29,2026_3_29_TMCA,raw_data/TMCA/2026_3_29_TMCA/B7FT7SL_19.xml,data/control_csv/tmca_raw/2026_3_29_TMCA/B7FT7SL_19.csv,11785434
TMCA,2026_3_6_TMCA__B7F5SL_7,B7F5SL_7,2026-03-06,2026_3_6_TMCA,raw_data/TMCA/2026_3_6_TMCA/B7F5SL_7.xml,data/control_csv/tmca_raw/2026_3_6_TMCA/B7F5SL_7.csv,11772540
TMCA,2026_3_6_TMCA__B7F5SL_8,B7F5SL_8,2026-03-06,2026_3_6_TMCA,raw_data/TMCA/2026_3_6_TMCA/B7F5SL_8.xml,data/control_csv/tmca_raw/2026_3_6_TMCA/B7F5SL_8.csv,11793177
TMW,10_2025_TMW__B7F0PHSL2_18,B7F0PHSL2_18,,10_2025_TMW,raw_data/TMW/10_2025_TMW/B7F0PHSL2_18.xml,data/control_csv/tmw_raw/10_2025_TMW/B7F0PHSL2_18.csv,22592344
TMW,10_2025_TMW__B7F0PHSL3_23,B7F0PHSL3_23,,10_2025_TMW,raw_data/TMW/10_2025_TMW/B7F0PHSL3_23.xml,data/control_csv/tmw_raw/10_2025_TMW/B7F0PHSL3_23.csv,22502381
TMW,10_2025_TMW__B7F0PHSL4_19,B7F0PHSL4_19,,10_2025_TMW,raw_data/TMW/10_2025_TMW/B7F0PHSL4_19.xml,data/control_csv/tmw_raw/10_2025_TMW/B7F0PHSL4_19.csv,22474168
TMW,10_2025_TMW__B7F0PHSL5_20,B7F0PHSL5_20,,10_2025_TMW,raw_data/TMW/10_2025_TMW/B7F0PHSL5_20.xml,data/control_csv/tmw_raw/10_2025_TMW/B7F0PHSL5_20.csv,22400215
TMW,10_2025_TMW__B7F0PHSL6_22,B7F0PHSL6_22,,10_2025_TMW,raw_data/TMW/10_2025_TMW/B7F0PHSL6_22.xml,data/control_csv/tmw_raw/10_2025_TMW/B7F0PHSL6_22.csv,22867566
TMW,10_2025_TMW__B7F0PHSL6_24,B7F0PHSL6_24,,10_2025_TMW,raw_data/TMW/10_2025_TMW/B7F0PHSL6_24.xml,data/control_csv/tmw_raw/10_2025_TMW/B7F0PHSL6_24.csv,22478184
TMW,10_2025_TMW__B7F0PHSL7_21,B7F0PHSL7_21,,10_2025_TMW,raw_data/TMW/10_2025_TMW/B7F0PHSL7_21.xml,data/control_csv/tmw_raw/10_2025_TMW/B7F0PHSL7_21.csv,22884118
TMW,10_2025_TMW__B7F0PHSL8_25,B7F0PHSL8_25,,10_2025_TMW,raw_data/TMW/10_2025_TMW/B7F0PHSL8_25.xml,data/control_csv/tmw_raw/10_2025_TMW/B7F0PHSL8_25.csv,22486057
TMW,10_2025_TMW__B7F0PHSL9_3,B7F0PHSL9_3,,10_2025_TMW,raw_data/TMW/10_2025_TMW/B7F0PHSL9_3.xml,data/control_csv/tmw_raw/10_2025_TMW/B7F0PHSL9_3.csv,22859740
TMW,10_2025_TMW__B7F0SL10_13,B7F0SL10_13,,10_2025_TMW,raw_data/TMW/10_2025_TMW/B7F0SL10_13.xml,data/control_csv/tmw_raw/10_2025_TMW/B7F0SL10_13.csv,22916136
TMW,10_2025_TMW__B7F0SL11_14,B7F0SL11_14,,10_2025_TMW,raw_data/TMW/10_2025_TMW/B7F0SL11_14.xml,data/control_csv/tmw_raw/10_2025_TMW/B7F0SL11_14.csv,22417787
TMW,10_2025_TMW__B7F0SL11_17,B7F0SL11_17,,10_2025_TMW,raw_data/TMW/10_2025_TMW/B7F0SL11_17.xml,data/control_csv/tmw_raw/10_2025_TMW/B7F0SL11_17.csv,22419294
TMW,10_2025_TMW__B7F0SL12_2,B7F0SL12_2,,10_2025_TMW,raw_data/TMW/10_2025_TMW/B7F0SL12_2.xml,data/control_csv/tmw_raw/10_2025_TMW/B7F0SL12_2.csv,22858152
TMW,10_2025_TMW__B7F0SL1_4,B7F0SL1_4,,10_2025_TMW,raw_data/TMW/10_2025_TMW/B7F0SL1_4.xml,data/control_csv/tmw_raw/10_2025_TMW/B7F0SL1_4.csv,22793412
TMW,10_2025_TMW__B7F0SL1_6,B7F0SL1_6,,10_2025_TMW,raw_data/TMW/10_2025_TMW/B7F0SL1_6.xml,data/control_csv/tmw_raw/10_2025_TMW/B7F0SL1_6.csv,22843367
TMW,10_2025_TMW__B7F0SL3_16,B7F0SL3_16,,10_2025_TMW,raw_data/TMW/10_2025_TMW/B7F0SL3_16.xml,data/control_csv/tmw_raw/10_2025_TMW/B7F0SL3_16.csv,22927313
TMW,10_2025_TMW__B7F0SL3_9,B7F0SL3_9,,10_2025_TMW,raw_data/TMW/10_2025_TMW/B7F0SL3_9.xml,data/control_csv/tmw_raw/10_2025_TMW/B7F0SL3_9.csv,22436280
TMW,10_2025_TMW__B7F0SL5_7,B7F0SL5_7,,10_2025_TMW,raw_data/TMW/10_2025_TMW/B7F0SL5_7.xml,data/control_csv/tmw_raw/10_2025_TMW/B7F0SL5_7.csv,22536610
TMW,10_2025_TMW__B7F0SL6_12,B7F0SL6_12,,10_2025_TMW,raw_data/TMW/10_2025_TMW/B7F0SL6_12.xml,data/control_csv/tmw_raw/10_2025_TMW/B7F0SL6_12.csv,22879680
TMW,10_2025_TMW__B7F0SL7_15,B7F0SL7_15,,10_2025_TMW,raw_data/TMW/10_2025_TMW/B7F0SL7_15.xml,data/control_csv/tmw_raw/10_2025_TMW/B7F0SL7_15.csv,22892305
TMW,10_2025_TMW__B7F5SL10_11,B7F5SL10_11,,10_2025_TMW,raw_data/TMW/10_2025_TMW/B7F5SL10_11.xml,data/control_csv/tmw_raw/10_2025_TMW/B7F5SL10_11.csv,22342914
TMW,10_2025_TMW__B7F5SL1_2,B7F5SL1_2,,10_2025_TMW,raw_data/TMW/10_2025_TMW/B7F5SL1_2.xml,data/control_csv/tmw_raw/10_2025_TMW/B7F5SL1_2.csv,22638055
TMW,10_2025_TMW__B7F5SL2_3,B7F5SL2_3,,10_2025_TMW,raw_data/TMW/10_2025_TMW/B7F5SL2_3.xml,data/control_csv/tmw_raw/10_2025_TMW/B7F5SL2_3.csv,22541411
TMW,10_2025_TMW__B7F5SL3_4,B7F5SL3_4,,10_2025_TMW,raw_data/TMW/10_2025_TMW/B7F5SL3_4.xml,data/control_csv/tmw_raw/10_2025_TMW/B7F5SL3_4.csv,22449140
TMW,10_2025_TMW__B7F5SL4_5,B7F5SL4_5,,10_2025_TMW,raw_data/TMW/10_2025_TMW/B7F5SL4_5.xml,data/control_csv/tmw_raw/10_2025_TMW/B7F5SL4_5.csv,22403675
TMW,10_2025_TMW__B7F5SL5_6,B7F5SL5_6,,10_2025_TMW,raw_data/TMW/10_2025_TMW/B7F5SL5_6.xml,data/control_csv/tmw_raw/10_2025_TMW/B7F5SL5_6.csv,22392834
TMW,10_2025_TMW__B7F5SL6_7,B7F5SL6_7,,10_2025_TMW,raw_data/TMW/10_2025_TMW/B7F5SL6_7.xml,data/control_csv/tmw_raw/10_2025_TMW/B7F5SL6_7.csv,22339299
TMW,10_2025_TMW__B7F5SL7_8,B7F5SL7_8,,10_2025_TMW,raw_data/TMW/10_2025_TMW/B7F5SL7_8.xml,data/control_csv/tmw_raw/10_2025_TMW/B7F5SL7_8.csv,22857635
TMW,10_2025_TMW__B7F5SL8_9,B7F5SL8_9,,10_2025_TMW,raw_data/TMW/10_2025_TMW/B7F5SL8_9.xml,data/control_csv/tmw_raw/10_2025_TMW/B7F5SL8_9.csv,22853950
TMW,10_2025_TMW__B7F5SL9_10,B7F5SL9_10,,10_2025_TMW,raw_data/TMW/10_2025_TMW/B7F5SL9_10.xml,data/control_csv/tmw_raw/10_2025_TMW/B7F5SL9_10.csv,22853543
TMW,10_2025_TMW__B7FT7SL1_4,B7FT7SL1_4,,10_2025_TMW,raw_data/TMW/10_2025_TMW/B7FT7SL1_4.xml,data/control_csv/tmw_raw/10_2025_TMW/B7FT7SL1_4.csv,22845543
TMW,10_2025_TMW__B7FT7SL1_5,B7FT7SL1_5,,10_2025_TMW,raw_data/TMW/10_2025_TMW/B7FT7SL1_5.xml,data/control_csv/tmw_raw/10_2025_TMW/B7FT7SL1_5.csv,22658379
TMW,10_2025_TMW__B7FT7SL2_6,B7FT7SL2_6,,10_2025_TMW,raw_data/TMW/10_2025_TMW/B7FT7SL2_6.xml,data/control_csv/tmw_raw/10_2025_TMW/B7FT7SL2_6.csv,22449112
TMW,10_2025_TMW__B7FT7SL3_7,B7FT7SL3_7,,10_2025_TMW,raw_data/TMW/10_2025_TMW/B7FT7SL3_7.xml,data/control_csv/tmw_raw/10_2025_TMW/B7FT7SL3_7.csv,22364256
TMW,10_2025_TMW__B7FT7SL4_12,B7FT7SL4_12,,10_2025_TMW,raw_data/TMW/10_2025_TMW/B7FT7SL4_12.xml,data/control_csv/tmw_raw/10_2025_TMW/B7FT7SL4_12.csv,22893180
TMW,10_2025_TMW__B7FT7SL4_8,B7FT7SL4_8,,10_2025_TMW,raw_data/TMW/10_2025_TMW/B7FT7SL4_8.xml,data/control_csv/tmw_raw/10_2025_TMW/B7FT7SL4_8.csv,22361862
TMW,10_2025_TMW__B7FT7SL5_9,B7FT7SL5_9,,10_2025_TMW,raw_data/TMW/10_2025_TMW/B7FT7SL5_9.xml,data/control_csv/tmw_raw/10_2025_TMW/B7FT7SL5_9.csv,22829453
TMW,10_2025_TMW__B7FT7SL6_10,B7FT7SL6_10,,10_2025_TMW,raw_data/TMW/10_2025_TMW/B7FT7SL6_10.xml,data/control_csv/tmw_raw/10_2025_TMW/B7FT7SL6_10.csv,22865121
TMW,10_2025_TMW__B7FT7SL7_11,B7FT7SL7_11,,10_2025_TMW,raw_data/TMW/10_2025_TMW/B7FT7SL7_11.xml,data/control_csv/tmw_raw/10_2025_TMW/B7FT7SL7_11.csv,22866738
TMW,10_2025_TMW__B7FT7SL8_13,B7FT7SL8_13,,10_2025_TMW,raw_data/TMW/10_2025_TMW/B7FT7SL8_13.xml,data/control_csv/tmw_raw/10_2025_TMW/B7FT7SL8_13.csv,22863827
TMW,2025_4_TMW__B7F0SL1_1,B7F0SL1_1,,2025_4_TMW,raw_data/TMW/2025_4_TMW/B7F0SL1_1.xml,data/control_csv/tmw_raw/2025_4_TMW/B7F0SL1_1.csv,22882800
TMW,2025_4_TMW__B7F0SL2_1,B7F0SL2_1,,2025_4_TMW,raw_data/TMW/2025_4_TMW/B7F0SL2_1.xml,data/control_csv/tmw_raw/2025_4_TMW/B7F0SL2_1.csv,22885199
TMW,2025_4_TMW__B7F0SL3_1,B7F0SL3_1,,2025_4_TMW,raw_data/TMW/2025_4_TMW/B7F0SL3_1.xml,data/control_csv/tmw_raw/2025_4_TMW/B7F0SL3_1.csv,22871721
TMW,2025_4_TMW__B7F0SL4_1,B7F0SL4_1,,2025_4_TMW,raw_data/TMW/2025_4_TMW/B7F0SL4_1.xml,data/control_csv/tmw_raw/2025_4_TMW/B7F0SL4_1.csv,22891318
TMW,2025_4_TMW__B7F0SL5_1,B7F0SL5_1,,2025_4_TMW,raw_data/TMW/2025_4_TMW/B7F0SL5_1.xml,data/control_csv/tmw_raw/2025_4_TMW/B7F0SL5_1.csv,22919918
TMW,2025_4_TMW__B7F0SL6_1,B7F0SL6_1,,2025_4_TMW,raw_data/TMW/2025_4_TMW/B7F0SL6_1.xml,data/control_csv/tmw_raw/2025_4_TMW/B7F0SL6_1.csv,22904189
TMW,2025_4_TMW__B7F0SL7_1,B7F0SL7_1,,2025_4_TMW,raw_data/TMW/2025_4_TMW/B7F0SL7_1.xml,data/control_csv/tmw_raw/2025_4_TMW/B7F0SL7_1.csv,22917774
TMW,2025_4_TMW__B7F0SL8_1,B7F0SL8_1,,2025_4_TMW,raw_data/TMW/2025_4_TMW/B7F0SL8_1.xml,data/control_csv/tmw_raw/2025_4_TMW/B7F0SL8_1.csv,22897741
TMW,2025_4_TMW__B7F0SL9_1,B7F0SL9_1,,2025_4_TMW,raw_data/TMW/2025_4_TMW/B7F0SL9_1.xml,data/control_csv/tmw_raw/2025_4_TMW/B7F0SL9_1.csv,22915162
TMW,2025_4_TMW__B7F5SL1_1,B7F5SL1_1,,2025_4_TMW,raw_data/TMW/2025_4_TMW/B7F5SL1_1.xml,data/control_csv/tmw_raw/2025_4_TMW/B7F5SL1_1.csv,22638580
TMW,2025_4_TMW__B7F5SL2_1,B7F5SL2_1,,2025_4_TMW,raw_data/TMW/2025_4_TMW/B7F5SL2_1.xml,data/control_csv/tmw_raw/2025_4_TMW/B7F5SL2_1.csv,22496318
TMW,2025_4_TMW__B7F5SL3_1,B7F5SL3_1,,2025_4_TMW,raw_data/TMW/2025_4_TMW/B7F5SL3_1.xml,data/control_csv/tmw_raw/2025_4_TMW/B7F5SL3_1.csv,22459681
TMW,2025_4_TMW__B7F5SL3_2,B7F5SL3_2,,2025_4_TMW,raw_data/TMW/2025_4_TMW/B7F5SL3_2.xml,data/control_csv/tmw_raw/2025_4_TMW/B7F5SL3_2.csv,22530005
TMW,2025_4_TMW__B7F5SL3_3,B7F5SL3_3,,2025_4_TMW,raw_data/TMW/2025_4_TMW/B7F5SL3_3.xml,data/control_csv/tmw_raw/2025_4_TMW/B7F5SL3_3.csv,22417448
TMW,2025_4_TMW__B7F5SL4_1,B7F5SL4_1,,2025_4_TMW,raw_data/TMW/2025_4_TMW/B7F5SL4_1.xml,data/control_csv/tmw_raw/2025_4_TMW/B7F5SL4_1.csv,22525936
TMW,2025_4_TMW__B7F5SL4_2,B7F5SL4_2,,2025_4_TMW,raw_data/TMW/2025_4_TMW/B7F5SL4_2.xml,data/control_csv/tmw_raw/2025_4_TMW/B7F5SL4_2.csv,22448512
TMW,2025_4_TMW__B7F5SL5_1,B7F5SL5_1,,2025_4_TMW,raw_data/TMW/2025_4_TMW/B7F5SL5_1.xml,data/control_csv/tmw_raw/2025_4_TMW/B7F5SL5_1.csv,22395221
TMW,2025_4_TMW__B7F5SL6_1,B7F5SL6_1,,2025_4_TMW,raw_data/TMW/2025_4_TMW/B7F5SL6_1.xml,data/control_csv/tmw_raw/2025_4_TMW/B7F5SL6_1.csv,22881015
TMW,2025_4_TMW__B7F5SL7_1,B7F5SL7_1,,2025_4_TMW,raw_data/TMW/2025_4_TMW/B7F5SL7_1.xml,data/control_csv/tmw_raw/2025_4_TMW/B7F5SL7_1.csv,22904932
TMW,2025_4_TMW__B7F5SL8_1,B7F5SL8_1,,2025_4_TMW,raw_data/TMW/2025_4_TMW/B7F5SL8_1.xml,data/control_csv/tmw_raw/2025_4_TMW/B7F5SL8_1.csv,22905189
TMW,2025_4_TMW__B7F5SL9_1,B7F5SL9_1,,2025_4_TMW,raw_data/TMW/2025_4_TMW/B7F5SL9_1.xml,data/control_csv/tmw_raw/2025_4_TMW/B7F5SL9_1.csv,22907631
TMW,2025_4_TMW__B7FT7SL10_1,B7FT7SL10_1,,2025_4_TMW,raw_data/TMW/2025_4_TMW/B7FT7SL10_1.xml,data/control_csv/tmw_raw/2025_4_TMW/B7FT7SL10_1.csv,22878804
TMW,2025_4_TMW__B7FT7SL1_4,B7FT7SL1_4,,2025_4_TMW,raw_data/TMW/2025_4_TMW/B7FT7SL1_4.xml,data/control_csv/tmw_raw/2025_4_TMW/B7FT7SL1_4.csv,22666113
TMW,2025_4_TMW__B7FT7SL2_4,B7FT7SL2_4,,2025_4_TMW,raw_data/TMW/2025_4_TMW/B7FT7SL2_4.xml,data/control_csv/tmw_raw/2025_4_TMW/B7FT7SL2_4.csv,22523399
TMW,2025_4_TMW__B7FT7SL3_4,B7FT7SL3_4,,2025_4_TMW,raw_data/TMW/2025_4_TMW/B7FT7SL3_4.xml,data/control_csv/tmw_raw/2025_4_TMW/B7FT7SL3_4.csv,22911533
TMW,2025_4_TMW__B7FT7SL3_5,B7FT7SL3_5,,2025_4_TMW,raw_data/TMW/2025_4_TMW/B7FT7SL3_5.xml,data/control_csv/tmw_raw/2025_4_TMW/B7FT7SL3_5.csv,22397282
TMW,2025_4_TMW__B7FT7SL3_6,B7FT7SL3_6,,2025_4_TMW,raw_data/TMW/2025_4_TMW/B7FT7SL3_6.xml,data/control_csv/tmw_raw/2025_4_TMW/B7FT7SL3_6.csv,22664197
TMW,2025_4_TMW__B7FT7SL4_4,B7FT7SL4_4,,2025_4_TMW,raw_data/TMW/2025_4_TMW/B7FT7SL4_4.xml,data/control_csv/tmw_raw/2025_4_TMW/B7FT7SL4_4.csv,22904876
TMW,2025_4_TMW__B7FT7SL4_5,B7FT7SL4_5,,2025_4_TMW,raw_data/TMW/2025_4_TMW/B7FT7SL4_5.xml,data/control_csv/tmw_raw/2025_4_TMW/B7FT7SL4_5.csv,22927921
TMW,2025_4_TMW__B7FT7SL4_6,B7FT7SL4_6,,2025_4_TMW,raw_data/TMW/2025_4_TMW/B7FT7SL4_6.xml,data/control_csv/tmw_raw/2025_4_TMW/B7FT7SL4_6.csv,22932295
TMW,2025_4_TMW__B7FT7SL5_4,B7FT7SL5_4,,2025_4_TMW,raw_data/TMW/2025_4_TMW/B7FT7SL5_4.xml,data/control_csv/tmw_raw/2025_4_TMW/B7FT7SL5_4.csv,22829799
TMW,2025_4_TMW__B7FT7SL5_5,B7FT7SL5_5,,2025_4_TMW,raw_data/TMW/2025_4_TMW/B7FT7SL5_5.xml,data/control_csv/tmw_raw/2025_4_TMW/B7FT7SL5_5.csv,22921547
TMW,2025_4_TMW__B7FT7SL6_1,B7FT7SL6_1,,2025_4_TMW,raw_data/TMW/2025_4_TMW/B7FT7SL6_1.xml,data/control_csv/tmw_raw/2025_4_TMW/B7FT7SL6_1.csv,22487119
TMW,2025_4_TMW__B7FT7SL6_2,B7FT7SL6_2,,2025_4_TMW,raw_data/TMW/2025_4_TMW/B7FT7SL6_2.xml,data/control_csv/tmw_raw/2025_4_TMW/B7FT7SL6_2.csv,22669725
TMW,2025_4_TMW__B7FT7SL7_1,B7FT7SL7_1,,2025_4_TMW,raw_data/TMW/2025_4_TMW/B7FT7SL7_1.xml,data/control_csv/tmw_raw/2025_4_TMW/B7FT7SL7_1.csv,22500950
TMW,2025_4_TMW__B7FT7SL8_1,B7FT7SL8_1,,2025_4_TMW,raw_data/TMW/2025_4_TMW/B7FT7SL8_1.xml,data/control_csv/tmw_raw/2025_4_TMW/B7FT7SL8_1.csv,22672651
TMW,2025_4_TMW__B7FT7SL9_1,B7FT7SL9_1,,2025_4_TMW,raw_data/TMW/2025_4_TMW/B7FT7SL9_1.xml,data/control_csv/tmw_raw/2025_4_TMW/B7FT7SL9_1.csv,22655194
TMW,2026_1_7_TMW__B6F0SL_35,B6F0SL_35,2026-01-07,2026_1_7_TMW,raw_data/TMW/2026_1_7_TMW/B6F0SL_35.xml,data/control_csv/tmw_raw/2026_1_7_TMW/B6F0SL_35.csv,11862054
TMW,2026_1_7_TMW__B6F5SL_31,B6F5SL_31,2026-01-07,2026_1_7_TMW,raw_data/TMW/2026_1_7_TMW/B6F5SL_31.xml,data/control_csv/tmw_raw/2026_1_7_TMW/B6F5SL_31.csv,11711413
TMW,2026_1_7_TMW__B6F5SL_32,B6F5SL_32,2026-01-07,2026_1_7_TMW,raw_data/TMW/2026_1_7_TMW/B6F5SL_32.xml,data/control_csv/tmw_raw/2026_1_7_TMW/B6F5SL_32.csv,11547974
TMW,2026_1_7_TMW__B6F5SL_33,B6F5SL_33,2026-01-07,2026_1_7_TMW,raw_data/TMW/2026_1_7_TMW/B6F5SL_33.xml,data/control_csv/tmw_raw/2026_1_7_TMW/B6F5SL_33.csv,11491894
TMW,2026_1_7_TMW__B7F5SL_29,B7F5SL_29,2026-01-07,2026_1_7_TMW,raw_data/TMW/2026_1_7_TMW/B7F5SL_29.xml,data/control_csv/tmw_raw/2026_1_7_TMW/B7F5SL_29.csv,11450948
TMW,2026_1_7_TMW__B7F5SL_30,B7F5SL_30,2026-01-07,2026_1_7_TMW,raw_data/TMW/2026_1_7_TMW/B7F5SL_30.xml,data/control_csv/tmw_raw/2026_1_7_TMW/B7F5SL_30.csv,11514331
TMW,2026_2_22_TMW__B6F0SL_10,B6F0SL_10,2026-02-22,2026_2_22_TMW,raw_data/TMW/2026_2_22_TMW/B6F0SL_10.xml,data/control_csv/tmw_raw/2026_2_22_TMW/B6F0SL_10.csv,11809158
TMW,2026_2_22_TMW__B6F0SL_11,B6F0SL_11,2026-02-22,2026_2_22_TMW,raw_data/TMW/2026_2_22_TMW/B6F0SL_11.xml,data/control_csv/tmw_raw/2026_2_22_TMW/B6F0SL_11.csv,11777386
TMW,2026_2_22_TMW__B6F0SL_12,B6F0SL_12,2026-02-22,2026_2_22_TMW,raw_data/TMW/2026_2_22_TMW/B6F0SL_12.xml,data/control_csv/tmw_raw/2026_2_22_TMW/B6F0SL_12.csv,10939130
TMW,2026_2_22_TMW__B6F0SL_5,B6F0SL_5,2026-02-22,2026_2_22_TMW,raw_data/TMW/2026_2_22_TMW/B6F0SL_5.xml,data/control_csv/tmw_raw/2026_2_22_TMW/B6F0SL_5.csv,10939060
TMW,2026_2_22_TMW__B6F0SL_6,B6F0SL_6,2026-02-22,2026_2_22_TMW,raw_data/TMW/2026_2_22_TMW/B6F0SL_6.xml,data/control_csv/tmw_raw/2026_2_22_TMW/B6F0SL_6.csv,10939135
TMW,2026_2_22_TMW__B6F0SL_7,B6F0SL_7,2026-02-22,2026_2_22_TMW,raw_data/TMW/2026_2_22_TMW/B6F0SL_7.xml,data/control_csv/tmw_raw/2026_2_22_TMW/B6F0SL_7.csv,10939104
TMW,2026_2_22_TMW__B6F0SL_8,B6F0SL_8,2026-02-22,2026_2_22_TMW,raw_data/TMW/2026_2_22_TMW/B6F0SL_8.xml,data/control_csv/tmw_raw/2026_2_22_TMW/B6F0SL_8.csv,10939131
TMW,2026_2_22_TMW__B6F0SL_9,B6F0SL_9,2026-02-22,2026_2_22_TMW,raw_data/TMW/2026_2_22_TMW/B6F0SL_9.xml,data/control_csv/tmw_raw/2026_2_22_TMW/B6F0SL_9.csv,10939129
TMW,2026_2_22_TMW__B7F0SL_13,B7F0SL_13,2026-02-22,2026_2_22_TMW,raw_data/TMW/2026_2_22_TMW/B7F0SL_13.xml,data/control_csv/tmw_raw/2026_2_22_TMW/B7F0SL_13.csv,11669780
TMW,2026_2_22_TMW__B7F0SL_14,B7F0SL_14,2026-02-22,2026_2_22_TMW,raw_data/TMW/2026_2_22_TMW/B7F0SL_14.xml,data/control_csv/tmw_raw/2026_2_22_TMW/B7F0SL_14.csv,11534496
TMW,2026_2_22_TMW__B7F0SL_15,B7F0SL_15,2026-02-22,2026_2_22_TMW,raw_data/TMW/2026_2_22_TMW/B7F0SL_15.xml,data/control_csv/tmw_raw/2026_2_22_TMW/B7F0SL_15.csv,10939078
TMW,2026_2_22_TMW__test_2,test_2,2026-02-22,2026_2_22_TMW,raw_data/TMW/2026_2_22_TMW/test_2.xml,data/control_csv/tmw_raw/2026_2_22_TMW/test_2.csv,10939108
TMW,2026_2_26_TMW__B6F0SL_10,B6F0SL_10,2026-02-26,2026_2_26_TMW,raw_data/TMW/2026_2_26_TMW/B6F0SL_10.xml,data/control_csv/tmw_raw/2026_2_26_TMW/B6F0SL_10.csv,11741828
TMW,2026_2_26_TMW__B6F0SL_15,B6F0SL_15,2026-02-26,2026_2_26_TMW,raw_data/TMW/2026_2_26_TMW/B6F0SL_15.xml,data/control_csv/tmw_raw/2026_2_26_TMW/B6F0SL_15.csv,11693526
TMW,2026_2_26_TMW__B6F0SL_16,B6F0SL_16,2026-02-26,2026_2_26_TMW,raw_data/TMW/2026_2_26_TMW/B6F0SL_16.xml,data/control_csv/tmw_raw/2026_2_26_TMW/B6F0SL_16.csv,11529329
TMW,2026_2_26_TMW__B6F0SL_17,B6F0SL_17,2026-02-26,2026_2_26_TMW,raw_data/TMW/2026_2_26_TMW/B6F0SL_17.xml,data/control_csv/tmw_raw/2026_2_26_TMW/B6F0SL_17.csv,11876030
TMW,2026_2_26_TMW__B6F0SL_18,B6F0SL_18,2026-02-26,2026_2_26_TMW,raw_data/TMW/2026_2_26_TMW/B6F0SL_18.xml,data/control_csv/tmw_raw/2026_2_26_TMW/B6F0SL_18.csv,11914137
TMW,2026_2_26_TMW__B6F0SL_19,B6F0SL_19,2026-02-26,2026_2_26_TMW,raw_data/TMW/2026_2_26_TMW/B6F0SL_19.xml,data/control_csv/tmw_raw/2026_2_26_TMW/B6F0SL_19.csv,11911410
TMW,2026_2_26_TMW__B6F0SL_20,B6F0SL_20,2026-02-26,2026_2_26_TMW,raw_data/TMW/2026_2_26_TMW/B6F0SL_20.xml,data/control_csv/tmw_raw/2026_2_26_TMW/B6F0SL_20.csv,11543430
TMW,2026_2_26_TMW__B6F0SL_21,B6F0SL_21,2026-02-26,2026_2_26_TMW,raw_data/TMW/2026_2_26_TMW/B6F0SL_21.xml,data/control_csv/tmw_raw/2026_2_26_TMW/B6F0SL_21.csv,11899117
TMW,2026_2_26_TMW__B6F0SL_24,B6F0SL_24,2026-02-26,2026_2_26_TMW,raw_data/TMW/2026_2_26_TMW/B6F0SL_24.xml,data/control_csv/tmw_raw/2026_2_26_TMW/B6F0SL_24.csv,11537829
TMW,2026_2_26_TMW__B6F5SL_10,B6F5SL_10,2026-02-26,2026_2_26_TMW,raw_data/TMW/2026_2_26_TMW/B6F5SL_10.xml,data/control_csv/tmw_raw/2026_2_26_TMW/B6F5SL_10.csv,11437700
TMW,2026_2_26_TMW__B6F5SL_11,B6F5SL_11,2026-02-26,2026_2_26_TMW,raw_data/TMW/2026_2_26_TMW/B6F5SL_11.xml,data/control_csv/tmw_raw/2026_2_26_TMW/B6F5SL_11.csv,11381407
TMW,2026_2_26_TMW__B6F5SL_4,B6F5SL_4,2026-02-26,2026_2_26_TMW,raw_data/TMW/2026_2_26_TMW/B6F5SL_4.xml,data/control_csv/tmw_raw/2026_2_26_TMW/B6F5SL_4.csv,11536224
TMW,2026_2_26_TMW__B6F5SL_5,B6F5SL_5,2026-02-26,2026_2_26_TMW,raw_data/TMW/2026_2_26_TMW/B6F5SL_5.xml,data/control_csv/tmw_raw/2026_2_26_TMW/B6F5SL_5.csv,11446154
TMW,2026_2_26_TMW__B6F5SL_6,B6F5SL_6,2026-02-26,2026_2_26_TMW,raw_data/TMW/2026_2_26_TMW/B6F5SL_6.xml,data/control_csv/tmw_raw/2026_2_26_TMW/B6F5SL_6.csv,11867096
TMW,2026_2_26_TMW__B6F5SL_7,B6F5SL_7,2026-02-26,2026_2_26_TMW,raw_data/TMW/2026_2_26_TMW/B6F5SL_7.xml,data/control_csv/tmw_raw/2026_2_26_TMW/B6F5SL_7.csv,11429359
TMW,2026_2_26_TMW__B6F5SL_8,B6F5SL_8,2026-02-26,2026_2_26_TMW,raw_data/TMW/2026_2_26_TMW/B6F5SL_8.xml,data/control_csv/tmw_raw/2026_2_26_TMW/B6F5SL_8.csv,11642185
TMW,2026_2_26_TMW__B6F5SL_9,B6F5SL_9,2026-02-26,2026_2_26_TMW,raw_data/TMW/2026_2_26_TMW/B6F5SL_9.xml,data/control_csv/tmw_raw/2026_2_26_TMW/B6F5SL_9.csv,11884536
TMW,2026_3_6_TMW__B7F0SL_11,B7F0SL_11,2026-03-06,2026_3_6_TMW,raw_data/TMW/2026_3_6_TMW/B7F0SL_11.xml,data/control_csv/tmw_raw/2026_3_6_TMW/B7F0SL_11.csv,11479733
TMW,2026_3_6_TMW__B7F5SL_10,B7F5SL_10,2026-03-06,2026_3_6_TMW,raw_data/TMW/2026_3_6_TMW/B7F5SL_10.xml,data/control_csv/tmw_raw/2026_3_6_TMW/B7F5SL_10.csv,11412386
TMW,2026_3_6_TMW__B7F5SL_2,B7F5SL_2,2026-03-06,2026_3_6_TMW,raw_data/TMW/2026_3_6_TMW/B7F5SL_2.xml,data/control_csv/tmw_raw/2026_3_6_TMW/B7F5SL_2.csv,11446310
TMW,2026_3_6_TMW__B7F5SL_3,B7F5SL_3,2026-03-06,2026_3_6_TMW,raw_data/TMW/2026_3_6_TMW/B7F5SL_3.xml,data/control_csv/tmw_raw/2026_3_6_TMW/B7F5SL_3.csv,11474188
TMW,2026_3_6_TMW__B7F5SL_4,B7F5SL_4,2026-03-06,2026_3_6_TMW,raw_data/TMW/2026_3_6_TMW/B7F5SL_4.xml,data/control_csv/tmw_raw/2026_3_6_TMW/B7F5SL_4.csv,11471021
TMW,2026_3_6_TMW__B7F5SL_5,B7F5SL_5,2026-03-06,2026_3_6_TMW,raw_data/TMW/2026_3_6_TMW/B7F5SL_5.xml,data/control_csv/tmw_raw/2026_3_6_TMW/B7F5SL_5.csv,11414413
TMW,2026_3_6_TMW__B7F5SL_6,B7F5SL_6,2026-03-06,2026_3_6_TMW,raw_data/TMW/2026_3_6_TMW/B7F5SL_6.xml,data/control_csv/tmw_raw/2026_3_6_TMW/B7F5SL_6.csv,11906945
TMW,2026_3_6_TMW__B7F5SL_9,B7F5SL_9,2026-03-06,2026_3_6_TMW,raw_data/TMW/2026_3_6_TMW/B7F5SL_9.xml,data/control_csv/tmw_raw/2026_3_6_TMW/B7F5SL_9.csv,11426880
