run_id,protocol,control_csv,test_date_iso,condition_id,material_category,base_material,filler_material,weld_process,current_a,voltage_v,heat_input_kj_mm,shielding_gas,preheat_c,spacer_mm,sheet_thickness_mm,k_factor,v_high_mm_s,v_step_mm_s,a_dec_mm_s2,weld_start_method,weld_start_time_s,manual_load_rise_time_s,manual_load_to_start_delay_s,fixed_start_time_s,load_rise_delta_n,load_baseline_window_s,weld_end_time_s,weld_travel_speed_mm_s,speed_transition_weld_length_mm,deceleration_start_weld_length_mm,l_weld_mm,l_crack_mm,l_surf_mm,l_ct_mm,l_star,v_nc_mm_s,crack_state,load_increase_acceptance,include_in_summary,show_temperature,temperature_columns,notes,source_run_id,campaign_folder,raw_xml
2025_12_30_TMCA__B6F5SL_18,TMCA,data/control_csv/tmca_raw/2025_12_30_TMCA/B6F5SL_18.csv,2025-12-30,AA6061_ER5356_160A,Aluminum alloy,AA6061,ER5356,GTAW,160,,,Ar,,3.6,,,0.6389954328741289,0.3,0.004534261776580304,manifest,4.6648974823,,,,,,,2.1,33.18,33.18,139.797,119.91999999999999,153.1,,,0.0441199814218337,,no,yes,auto,auto,prefilled from manuscript processed summary and matching raw metrics JSON,B6F5SL_18,2025_12_30_TMCA,raw_data/TMCA/2025_12_30_TMCA/B6F5SL_18.xml
2025_12_30_TMCA__B6F5SL_19,TMCA,data/control_csv/tmca_raw/2025_12_30_TMCA/B6F5SL_19.csv,2025-12-30,AA6061_ER5356_160A,Aluminum alloy,AA6061,ER5356,GTAW,160,,,Ar,,3.6,,,0.6389974382253402,0.3,0.004543601924967462,manifest,4.5946671355,,,,,,,2.1,33.348,33.348,139.81799999999998,112.35199999999999,145.7,,,0.061310349513939,,almost,yes,auto,auto,prefilled from manuscript processed summary and matching raw metrics JSON,B6F5SL_19,2025_12_30_TMCA,raw_data/TMCA/2025_12_30_TMCA/B6F5SL_19.xml
2025_12_30_TMCA__B6F5SL_20,TMCA,data/control_csv/tmca_raw/2025_12_30_TMCA/B6F5SL_20.csv,2025-12-30,AA6061_ER5356_160A,Aluminum alloy,AA6061,ER5356,GTAW,160,,,Ar,,3.6,,,0.5592109376211593,0.15,0.0022666892338572492,manifest,4.4443182313,,,,,,,2.1,40.677,40.677,139.692,91.82300000000001,132.5,,,0.0526985464904219,,yes,yes,auto,auto,prefilled from manuscript processed summary and matching raw metrics JSON,B6F5SL_20,2025_12_30_TMCA,raw_data/TMCA/2025_12_30_TMCA/B6F5SL_20.xml
2025_12_30_TMCA__B6F5SL_21,TMCA,data/control_csv/tmca_raw/2025_12_30_TMCA/B6F5SL_21.csv,2025-12-30,AA6061_ER5356_160A,Aluminum alloy,AA6061,ER5356,GTAW,160,,,Ar,,3.6,,,0.5592114034544258,0.15,0.002265850009050998,manifest,4.8084426379,,,,,,,2.1,39.9,39.9,139.713,89.5,129.4,,,0.0548818572599874,,yes,yes,auto,auto,prefilled from manuscript processed summary and matching raw metrics JSON,B6F5SL_21,2025_12_30_TMCA,raw_data/TMCA/2025_12_30_TMCA/B6F5SL_21.xml
2026_2_26_TMCA__B6F5SL_25,TMCA,data/control_csv/tmca_raw/2026_2_26_TMCA/B6F5SL_25.csv,2026-02-26,AA6061_ER5356_160A,Aluminum alloy,AA6061,ER5356,GTAW,160,,,Ar,,3.6,,,0.6389944756899829,0.3,0.0045240598984465025,manifest,4.8157612658,,,,,,,2.1,32.864999999999995,32.864999999999995,139.79700000000003,115.43500000000002,148.3,,,0.0539037043953029,,yes,yes,auto,auto,prefilled from manuscript processed summary and matching raw metrics JSON,B6F5SL_25,2026_2_26_TMCA,raw_data/TMCA/2026_2_26_TMCA/B6F5SL_25.xml
2026_2_26_TMCA__B6F5SL_26,TMCA,data/control_csv/tmca_raw/2026_2_26_TMCA/B6F5SL_26.csv,2026-02-26,AA6061_ER5356_160A,Aluminum alloy,AA6061,ER5356,GTAW,160,,,Ar,,3.6,,,0.6390025107877907,0.3,0.004536558142477316,manifest,4.7315957706,,,,,,,2.1,33.053999999999995,33.053999999999995,139.671,114.14599999999999,147.2,,,0.0548702113649261,,almost,yes,auto,auto,prefilled from manuscript processed summary and matching raw metrics JSON,B6F5SL_26,2026_2_26_TMCA,raw_data/TMCA/2026_2_26_TMCA/B6F5SL_26.xml
2026_2_26_TMCA__B6F5SL_3,TMCA,data/control_csv/tmca_raw/2026_2_26_TMCA/B6F5SL_3.csv,2026-03-03,AA6061_ER5356_160A,Aluminum alloy,AA6061,ER5356,GTAW,160,,,Ar,,3.6,,,0.6389971297471326,0.3,0.004532171732006803,manifest,5.0764794146,,,,,,,2.1,32.318999999999996,32.318999999999996,139.77600000000004,108.18100000000001,140.5,,,0.0671605694351392,,yes,yes,auto,auto,prefilled from manuscript processed summary and matching raw metrics JSON,B6F5SL_3,2026_2_26_TMCA,raw_data/TMCA/2026_2_26_TMCA/B6F5SL_3.xml
2026_3_27_TMCA__B6F5SL_14,TMCA,data/control_csv/tmca_raw/2026_3_27_TMCA/B6F5SL_14.csv,2026-03-26,AA6061_ER5356_160A,Aluminum alloy,AA6061,ER5356,GTAW,160,,,Ar,,3.6,,,0.6390141956600264,0.15,0.004509284393047545,manifest,5.1156159274,,,,,,,2.1,32.235,32.235,139.776,109.06500000000001,141.3,,,0.065,,almost,yes,auto,auto,prefilled from manuscript processed summary and matching raw metrics JSON,B6F5SL_14,2026_3_27_TMCA,raw_data/TMCA/2026_3_27_TMCA/B6F5SL_14.xml
2025_12_30_TMCA__B6F0SL_3,TMCA,data/control_csv/tmca_raw/2025_12_30_TMCA/B6F0SL_3.csv,2025-12-30,AA6061_Autogenous_160A,Aluminum alloy,AA6061,Autogenous,GTAW,160,,,Ar,,3.6,,,0.6389962470422642,0.3,0.004549432596623505,manifest,4.827077821,,,,,,,2.1,32.844,32.844,139.818,127.55600000000001,160.4,,,0.0271623401235154,,yes,yes,auto,auto,prefilled from manuscript processed summary and matching raw metrics JSON,B6F0SL_3,2025_12_30_TMCA,raw_data/TMCA/2025_12_30_TMCA/B6F0SL_3.xml
2025_12_30_TMCA__B6F0SL_4,TMCA,data/control_csv/tmca_raw/2025_12_30_TMCA/B6F0SL_4.csv,2025-12-30,AA6061_Autogenous_160A,Aluminum alloy,AA6061,Autogenous,GTAW,160,,,Ar,,3.6,,,0.638992377996954,0.3,0.004537082940516196,manifest,4.9996449445,,,,,,,2.1,32.487,32.487,139.73400000000004,126.513,159.0,,,0.0284893444320005,,almost,yes,auto,auto,prefilled from manuscript processed summary and matching raw metrics JSON,B6F0SL_4,2025_12_30_TMCA,raw_data/TMCA/2025_12_30_TMCA/B6F0SL_4.xml
2025_12_30_TMCA__B6F0SL_5,TMCA,data/control_csv/tmca_raw/2025_12_30_TMCA/B6F0SL_5.csv,2025-12-30,AA6061_Autogenous_160A,Aluminum alloy,AA6061,Autogenous,GTAW,160,,,Ar,,3.6,,,0.5963550243016428,0.2,0.003030831668251375,manifest,4.8533676482,,,,,,,2.1,36.33,36.33,139.608,122.67,159.0,,,0.0232227160586256,,no,yes,auto,auto,prefilled from manuscript processed summary and matching raw metrics JSON,B6F0SL_5,2025_12_30_TMCA,raw_data/TMCA/2025_12_30_TMCA/B6F0SL_5.xml
2025_12_30_TMCA__B6F0SL_6,TMCA,data/control_csv/tmca_raw/2025_12_30_TMCA/B6F0SL_6.csv,2025-12-30,AA6061_Autogenous_160A,Aluminum alloy,AA6061,Autogenous,GTAW,160,,,Ar,,3.6,,,0.4973011337352285,0.1,0.0015059105981676342,manifest,5.2109510194,,,,,,,2.1,46.074,46.074,139.608,96.926,143.0,,,0.0296426887352533,,yes,yes,auto,auto,prefilled from manuscript processed summary and matching raw metrics JSON,B6F0SL_6,2025_12_30_TMCA,raw_data/TMCA/2025_12_30_TMCA/B6F0SL_6.xml
2025_12_30_TMCA__B6F0SL_H_12,TMCA,data/control_csv/tmca_raw/2025_12_30_TMCA/B6F0SL_H_12.csv,2025-12-30,AA6061_Autogenous_160A,Aluminum alloy,AA6061,Autogenous,GTAW,160,,,Ar,,3.6,,,0.6390020456497477,0.3,0.00453050793498392,manifest,4.7731760102,,,,,,,2.1,32.949,32.949,139.79700000000003,126.75099999999999,159.7,,,0.0279697693446978,,no,yes,auto,auto,prefilled from manuscript processed summary and matching raw metrics JSON,B6F0SL_H_12,2025_12_30_TMCA,raw_data/TMCA/2025_12_30_TMCA/B6F0SL_H_12.xml
2025_12_30_TMCA__B6F0SL_H_13,TMCA,data/control_csv/tmca_raw/2025_12_30_TMCA/B6F0SL_H_13.csv,2025-12-30,AA6061_Autogenous_160A,Aluminum alloy,AA6061,Autogenous,GTAW,160,,,Ar,,3.6,,,0.6389955540628138,0.3,0.004534637945591728,manifest,4.8871716185,,,,,,,2.1,32.717999999999996,32.717999999999996,139.86,124.382,157.1,,,0.0322797251095087,,no,yes,auto,auto,prefilled from manuscript processed summary and matching raw metrics JSON,B6F0SL_H_13,2025_12_30_TMCA,raw_data/TMCA/2025_12_30_TMCA/B6F0SL_H_13.xml
2026_2_26_TMCA__B6F0SL_22,TMCA,data/control_csv/tmca_raw/2026_2_26_TMCA/B6F0SL_22.csv,2026-02-26,AA6061_Autogenous_160A,Aluminum alloy,AA6061,Autogenous,GTAW,160,,,Ar,,3.6,,,0.6390051469301247,0.3,0.004550767300813887,manifest,4.7522412418,,,,,,,2.1,32.991,32.991,139.79700000000003,131.839,164.83,,,0.0185319919112529,,no,yes,auto,auto,prefilled from manuscript processed summary and matching raw metrics JSON,B6F0SL_22,2026_2_26_TMCA,raw_data/TMCA/2026_2_26_TMCA/B6F0SL_22.xml
2026_2_26_TMCA__B6F0SL_23,TMCA,data/control_csv/tmca_raw/2026_2_26_TMCA/B6F0SL_23.csv,2026-02-26,AA6061_Autogenous_160A,Aluminum alloy,AA6061,Autogenous,GTAW,160,,,Ar,,3.6,,,0.6389945906191316,0.3,0.004536024578646885,manifest,4.8004284505,,,,,,,2.1,32.907,32.907,139.73400000000004,129.69299999999998,162.6,,,0.0213714017669575,,no,yes,auto,auto,prefilled from manuscript processed summary and matching raw metrics JSON,B6F0SL_23,2026_2_26_TMCA,raw_data/TMCA/2026_2_26_TMCA/B6F0SL_23.xml
2026_3_29_TMCA__B6F0SL_H_21,TMCA,data/control_csv/tmca_raw/2026_3_29_TMCA/B6F0SL_H_21.csv,2026-03-29,AA6061_Autogenous_160A,Aluminum alloy,AA6061,Autogenous,GTAW,160,,,Ar,,3.6,,,0.6390003402124054,0.3,0.004527622928704411,manifest,6.4051081149,,,,,,,2.1,29.526,29.526,139.776,126.37400000000001,155.9,,,0.0293275434656853,,almost,yes,auto,auto,prefilled from manuscript processed summary and matching raw metrics JSON,B6F0SL_H_21,2026_3_29_TMCA,raw_data/TMCA/2026_3_29_TMCA/B6F0SL_H_21.xml
2026_3_29_TMCA__B6F0SL_H_22,TMCA,data/control_csv/tmca_raw/2026_3_29_TMCA/B6F0SL_H_22.csv,2026-03-29,AA6061_Autogenous_160A,Aluminum alloy,AA6061,Autogenous,GTAW,160,,,Ar,,3.6,,,0.6390061793437776,0.3,0.004526121896801098,manifest,6.1886884322,,,,,,,2.1,29.988,29.988,139.79700000000003,122.612,152.6,,,0.035375701049065,,almost,yes,auto,auto,prefilled from manuscript processed summary and matching raw metrics JSON,B6F0SL_H_22,2026_3_29_TMCA,raw_data/TMCA/2026_3_29_TMCA/B6F0SL_H_22.xml
2026_3_29_TMCA__B6F0SL_20,TMCA,data/control_csv/tmca_raw/2026_3_29_TMCA/B6F0SL_20.csv,2026-03-30,AA6061_Autogenous_160A,Aluminum alloy,AA6061,Autogenous,GTAW,160,,,Ar,,3.6,,,0.638991281510973,0.3,0.004531280677092846,manifest,6.2654243098,,,,,,,2.1,29.82,29.82,139.77600000000004,123.35,153.17,,,0.038,,almost,yes,auto,auto,prefilled from manuscript processed summary and matching raw metrics JSON,B6F0SL_20,2026_3_29_TMCA,raw_data/TMCA/2026_3_29_TMCA/B6F0SL_20.xml
2025_12_30_TMCA__B6F5SL_24,TMCA,data/control_csv/tmca_raw/2025_12_30_TMCA/B6F5SL_24.csv,2026-01-05,AA6061_ER5356_180A,Aluminum alloy,AA6061,ER5356,GTAW,180,,,Ar,,3.6,,,0.6389991970091817,0.3,0.0045079478616157345,manifest,4.8427796422,,,,,,,2.1,32.823,32.823,139.797,115.577,148.4,,,0.0531103423764445,,no,yes,auto,auto,prefilled from manuscript processed summary and matching raw metrics JSON,B6F5SL_24,2025_12_30_TMCA,raw_data/TMCA/2025_12_30_TMCA/B6F5SL_24.xml
2025_12_30_TMCA__B6F5SL_25,TMCA,data/control_csv/tmca_raw/2025_12_30_TMCA/B6F5SL_25.csv,2026-01-05,AA6061_ER5356_180A,Aluminum alloy,AA6061,ER5356,GTAW,180,,,Ar,,3.6,,,0.5592045274149141,0.15,0.0022598828330552385,manifest,5.543297678,,,,,,,2.1,38.388000000000005,38.388000000000005,139.69200000000004,95.81199999999998,134.2,,,0.0480175921421005,,no,yes,auto,auto,prefilled from manuscript processed summary and matching raw metrics JSON,B6F5SL_25,2025_12_30_TMCA,raw_data/TMCA/2025_12_30_TMCA/B6F5SL_25.xml
2025_12_30_TMCA__B6F5SL_26,TMCA,data/control_csv/tmca_raw/2025_12_30_TMCA/B6F5SL_26.csv,2026-01-05,AA6061_ER5356_180A,Aluminum alloy,AA6061,ER5356,GTAW,180,,,Ar,,3.6,,,0.5592123777041127,0.15,0.0022708675410977714,manifest,5.2458276155,,,,,,,2.1,38.976,38.976,139.734,102.16399999999999,141.14,,,0.0403531841090457,,almost,yes,auto,auto,prefilled from manuscript processed summary and matching raw metrics JSON,B6F5SL_26,2025_12_30_TMCA,raw_data/TMCA/2025_12_30_TMCA/B6F5SL_26.xml
2026_3_27_TMCA__B7F0SL_15,TMCA,data/control_csv/tmca_raw/2026_3_27_TMCA/B7F0SL_15.csv,2026-03-27,AA7075_Autogenous_160A,Aluminum alloy,AA7075,Autogenous,GTAW,160,,,Ar,,3.8,,,0.6390141399258696,0.3,0.004511906907176971,manifest,4.8799637097,,,,,,,2.1,32.739000000000004,32.739000000000004,139.67100000000002,118.161,150.9,,,0.047,,almost,yes,auto,auto,prefilled from manuscript processed summary and matching raw metrics JSON,B7F0SL_15,2026_3_27_TMCA,raw_data/TMCA/2026_3_27_TMCA/B7F0SL_15.xml
2026_3_15_TMCA__B7F0SL_2,TMCA,data/control_csv/tmca_raw/2026_3_15_TMCA/B7F0SL_2.csv,2026-03-15,AA7075_Autogenous_180A,Aluminum alloy,AA7075,Autogenous,GTAW,180,,,Ar,,4.0,,,0.6389957645672235,0.3,0.004514833075599268,manifest,4.6909599931,,,,,,,2.1,33.117,33.117,139.734,114.78300000000002,147.9,,,0.0544791742039699,,no,yes,auto,auto,prefilled from manuscript processed summary and matching raw metrics JSON,B7F0SL_2,2026_3_15_TMCA,raw_data/TMCA/2026_3_15_TMCA/B7F0SL_2.xml
2025_12_30_TMCA__B7F0SL_27,TMCA,data/control_csv/tmca_raw/2025_12_30_TMCA/B7F0SL_27.csv,2026-01-05,AA7075_Autogenous_180A,Aluminum alloy,AA7075,Autogenous,GTAW,180,,,Ar,,3.8,,,0.6390006378861034,0.3,0.004532690627034565,manifest,4.7239615133,,,,,,,2.1,33.075,33.075,139.73400000000004,117.825,150.9,,,0.0498275008804263,,no,yes,auto,auto,prefilled from manuscript processed summary and matching raw metrics JSON,B7F0SL_27,2025_12_30_TMCA,raw_data/TMCA/2025_12_30_TMCA/B7F0SL_27.xml
2025_12_30_TMCA__B7F0SL_28,TMCA,data/control_csv/tmca_raw/2025_12_30_TMCA/B7F0SL_28.csv,2026-01-05,AA7075_Autogenous_180A,Aluminum alloy,AA7075,Autogenous,GTAW,180,,,Ar,,3.8,,,0.6389983261355997,0.3,0.004533342480755628,manifest,4.9671057673,,,,,,,2.1,32.550000000000004,32.550000000000004,139.755,116.72,149.27,,,0.0497409663619248,,no,yes,auto,auto,prefilled from manuscript processed summary and matching raw metrics JSON,B7F0SL_28,2025_12_30_TMCA,raw_data/TMCA/2025_12_30_TMCA/B7F0SL_28.xml
2026_3_15_TMCA__B7F0SL_3,TMCA,data/control_csv/tmca_raw/2026_3_15_TMCA/B7F0SL_3.csv,2026-03-15,AA7075_Autogenous_180A,Aluminum alloy,AA7075,Autogenous,GTAW,180,,,Ar,,4.0,,,0.6389946348116039,0.3,0.00451891050270172,manifest,5.0375224534,,,,,,,2.1,32.403,32.403,139.81799999999998,114.39700000000002,146.8,,,0.0568676922537405,,yes,yes,auto,auto,prefilled from manuscript processed summary and matching raw metrics JSON,B7F0SL_3,2026_3_15_TMCA,raw_data/TMCA/2026_3_15_TMCA/B7F0SL_3.xml
2026_3_15_TMCA__B7F0SL_4,TMCA,data/control_csv/tmca_raw/2026_3_15_TMCA/B7F0SL_4.csv,2026-03-15,AA7075_Autogenous_180A,Aluminum alloy,AA7075,Autogenous,GTAW,180,,,Ar,,4.0,,,0.6389927284229867,0.3,0.004524310333103589,manifest,5.0610676876,,,,,,,2.1,32.361,32.361,139.755,109.93900000000002,142.3,,,0.06424548792439,,yes,yes,auto,auto,prefilled from manuscript processed summary and matching raw metrics JSON,B7F0SL_4,2026_3_15_TMCA,raw_data/TMCA/2026_3_15_TMCA/B7F0SL_4.xml
2026_3_15_TMCA__B7F0SL_5,TMCA,data/control_csv/tmca_raw/2026_3_15_TMCA/B7F0SL_5.csv,2026-03-15,AA7075_Autogenous_160A,Aluminum alloy,AA7075,Autogenous,GTAW,160,,,Ar,,4.0,,,0.6390014982404193,0.3,0.004545458794208554,manifest,4.825872712,,,,,,,2.1,32.823,32.823,139.75500000000002,105.477,138.3,,,0.0736041193500732,,yes,yes,auto,auto,prefilled from manuscript processed summary and matching raw metrics JSON,B7F0SL_5,2026_3_15_TMCA,raw_data/TMCA/2026_3_15_TMCA/B7F0SL_5.xml
2026_3_15_TMCA__B7F0SL_6,TMCA,data/control_csv/tmca_raw/2026_3_15_TMCA/B7F0SL_6.csv,2026-03-15,AA7075_Autogenous_160A,Aluminum alloy,AA7075,Autogenous,GTAW,160,,,Ar,,4.0,,,0.6389970243755582,0.3,0.004543752772724047,manifest,5.126171604,,,,,,,2.1,32.214,32.214,139.776,126.286,158.5,,,0.0302383811703999,,no,yes,auto,auto,prefilled from manuscript processed summary and matching raw metrics JSON,B7F0SL_6,2026_3_15_TMCA,raw_data/TMCA/2026_3_15_TMCA/B7F0SL_6.xml
2025_12_30_TMCA__B7F0SL_7,TMCA,data/control_csv/tmca_raw/2025_12_30_TMCA/B7F0SL_7.csv,2025-12-30,AA7075_Autogenous_160A,Aluminum alloy,AA7075,Autogenous,GTAW,160,,,Ar,,3.8,,,0.6389966366976549,0.3,0.004527119889158185,manifest,5.0838761499,,,,,,,2.1,32.298,32.298,139.776,117.40199999999999,149.7,,,0.0495908185042265,,no,yes,auto,auto,prefilled from manuscript processed summary and matching raw metrics JSON,B7F0SL_7,2025_12_30_TMCA,raw_data/TMCA/2025_12_30_TMCA/B7F0SL_7.xml
2026_3_15_TMCA__B7F0SL_7,TMCA,data/control_csv/tmca_raw/2026_3_15_TMCA/B7F0SL_7.csv,2026-03-15,AA7075_Autogenous_160A,Aluminum alloy,AA7075,Autogenous,GTAW,160,,,Ar,,4.0,,,0.6389982653830282,0.3,0.004539221593804416,manifest,5.0283296841,,,,,,,2.1,32.424,32.424,139.79700000000003,115.27599999999998,147.7,,,0.0510702319138251,,no,yes,auto,auto,prefilled from manuscript processed summary and matching raw metrics JSON,B7F0SL_7,2026_3_15_TMCA,raw_data/TMCA/2026_3_15_TMCA/B7F0SL_7.xml
2025_12_30_TMCA__B7F0SL_8,TMCA,data/control_csv/tmca_raw/2025_12_30_TMCA/B7F0SL_8.csv,2025-12-30,AA7075_Autogenous_160A,Aluminum alloy,AA7075,Autogenous,GTAW,160,,,Ar,,3.8,,,0.6390011129229672,0.3,0.004521566710864169,manifest,5.2149533039,,,,,,,2.1,32.046,32.046,139.79700000000005,100.154,132.2,,,0.0825375873889013,,yes,yes,auto,auto,prefilled from manuscript processed summary and matching raw metrics JSON,B7F0SL_8,2025_12_30_TMCA,raw_data/TMCA/2025_12_30_TMCA/B7F0SL_8.xml
2025_12_30_TMCA__B7F0SL_9,TMCA,data/control_csv/tmca_raw/2025_12_30_TMCA/B7F0SL_9.csv,2025-12-30,AA7075_Autogenous_160A,Aluminum alloy,AA7075,Autogenous,GTAW,160,,,Ar,,3.8,,,0.6389988576458848,0.3,0.0045272705983185856,manifest,5.4081078557,,,,,,,2.1,31.625999999999998,31.625999999999998,139.79700000000003,97.57399999999998,129.2,,,0.0905258131271352,,yes,yes,auto,auto,prefilled from manuscript processed summary and matching raw metrics JSON,B7F0SL_9,2025_12_30_TMCA,raw_data/TMCA/2025_12_30_TMCA/B7F0SL_9.xml
2025_12_30_TMCA__B7F0SL_H_11,TMCA,data/control_csv/tmca_raw/2025_12_30_TMCA/B7F0SL_H_11.csv,2025-12-30,AA7075_Autogenous_160A,Aluminum alloy,AA7075,Autogenous,GTAW,160,,,Ar,,3.8,,,0.6390004169934387,0.3,0.004537806927923467,manifest,4.7759941521,,,,,,,2.1,32.928,32.928,139.818,119.27199999999999,152.2,,,0.0440211843592647,,yes,yes,auto,auto,prefilled from manuscript processed summary and matching raw metrics JSON,B7F0SL_H_11,2025_12_30_TMCA,raw_data/TMCA/2025_12_30_TMCA/B7F0SL_H_11.xml
2026_3_27_TMCA__B7F0SL_H_16,TMCA,data/control_csv/tmca_raw/2026_3_27_TMCA/B7F0SL_H_16.csv,2026-03-27,AA7075_Autogenous_160A,Aluminum alloy,AA7075,Autogenous,GTAW,160,,,Ar,,3.8,,,0.6390067665297404,0.3,0.004516897050934813,manifest,5.0931939693,,,,,,,2.1,32.298,32.298,139.734,119.90199999999999,152.2,,,0.044,,no,yes,auto,auto,prefilled from manuscript processed summary and matching raw metrics JSON,B7F0SL_H_16,2026_3_27_TMCA,raw_data/TMCA/2026_3_27_TMCA/B7F0SL_H_16.xml
2026_3_27_TMCA__B7F0SL_H_17,TMCA,data/control_csv/tmca_raw/2026_3_27_TMCA/B7F0SL_H_17.csv,2026-03-27,AA7075_Autogenous_160A,Aluminum alloy,AA7075,Autogenous,GTAW,160,,,Ar,,3.8,,,0.6389963670515537,0.3,0.004531542239240734,manifest,4.9560556856,,,,,,,2.1,32.571,32.571,139.818,119.82900000000001,152.4,,,0.042,,yes,yes,auto,auto,prefilled from manuscript processed summary and matching raw metrics JSON,B7F0SL_H_17,2026_3_27_TMCA,raw_data/TMCA/2026_3_27_TMCA/B7F0SL_H_17.xml
2026_3_15_TMCA__B7F5SL_10,TMCA,data/control_csv/tmca_raw/2026_3_15_TMCA/B7F5SL_10.csv,2026-03-15,AA7075_ER5356_180A,Aluminum alloy,AA7075,ER5356,GTAW,180,,,Ar,,4.0,,,0.6390044925792213,0.3,0.004529041161048544,manifest,5.0870229533,,,,,,,2.1,32.277,32.277,139.755,84.023,116.3,,,0.117752725210018,,no,yes,auto,auto,prefilled from manuscript processed summary and matching raw metrics JSON,B7F5SL_10,2026_3_15_TMCA,raw_data/TMCA/2026_3_15_TMCA/B7F5SL_10.xml
2026_3_15_TMCA__B7F5SL_11,TMCA,data/control_csv/tmca_raw/2026_3_15_TMCA/B7F5SL_11.csv,2026-03-16,AA7075_ER5356_160A,Aluminum alloy,AA7075,ER5356,GTAW,160,,,Ar,,4.0,,,0.6389958636009437,0.3,0.004543288894556128,manifest,4.8199675279,,,,,,,2.1,32.864999999999995,32.864999999999995,139.776,99.93500000000002,132.8,,,0.0858081110447386,,yes,yes,auto,auto,prefilled from manuscript processed summary and matching raw metrics JSON,B7F5SL_11,2026_3_15_TMCA,raw_data/TMCA/2026_3_15_TMCA/B7F5SL_11.xml
2026_3_15_TMCA__B7F5SL_12,TMCA,data/control_csv/tmca_raw/2026_3_15_TMCA/B7F5SL_12.csv,2026-03-16,AA7075_ER5356_160A,Aluminum alloy,AA7075,ER5356,GTAW,160,,,Ar,,4.0,,,0.6390020317584547,0.3,0.00454806797858228,manifest,4.9608732079,,,,,,,2.1,32.571,32.571,139.79700000000003,111.72900000000001,144.3,,,0.0609276405362062,,no,yes,auto,auto,prefilled from manuscript processed summary and matching raw metrics JSON,B7F5SL_12,2026_3_15_TMCA,raw_data/TMCA/2026_3_15_TMCA/B7F5SL_12.xml
2026_3_15_TMCA__B7F5SL_13,TMCA,data/control_csv/tmca_raw/2026_3_15_TMCA/B7F5SL_13.csv,2026-03-16,AA7075_ER5356_160A,Aluminum alloy,AA7075,ER5356,GTAW,160,,,Ar,,4.0,,,0.638997051588258,0.3,0.00454460201708372,manifest,5.0965330313,,,,,,,2.1,32.277,32.277,139.692,105.183,137.46,,,0.0758356599333711,,almost,yes,auto,auto,prefilled from manuscript processed summary and matching raw metrics JSON,B7F5SL_13,2026_3_15_TMCA,raw_data/TMCA/2026_3_15_TMCA/B7F5SL_13.xml
2025_12_30_TMCA__B7F5SL_16,TMCA,data/control_csv/tmca_raw/2025_12_30_TMCA/B7F5SL_16.csv,2025-12-30,AA7075_ER5356_160A,Aluminum alloy,AA7075,ER5356,GTAW,160,,,Ar,,3.8,,,0.6389972295883992,0.3,0.0045336413506793585,manifest,4.6021703701,,,,,,,2.1,33.306000000000004,33.306000000000004,139.776,112.89399999999998,146.2,,,0.0589636678532254,,no,yes,auto,auto,prefilled from manuscript processed summary and matching raw metrics JSON,B7F5SL_16,2025_12_30_TMCA,raw_data/TMCA/2025_12_30_TMCA/B7F5SL_16.xml
2025_12_30_TMCA__B7F5SL_17,TMCA,data/control_csv/tmca_raw/2025_12_30_TMCA/B7F5SL_17.csv,2025-12-30,AA7075_ER5356_160A,Aluminum alloy,AA7075,ER5356,GTAW,160,,,Ar,,3.8,,,0.6389989473062248,0.3,0.004540808687279603,manifest,4.919083542,,,,,,,2.1,32.634,32.634,139.79700000000003,104.866,137.5,,,0.0764443150254811,,almost,yes,auto,auto,prefilled from manuscript processed summary and matching raw metrics JSON,B7F5SL_17,2025_12_30_TMCA,raw_data/TMCA/2025_12_30_TMCA/B7F5SL_17.xml
2025_12_30_TMCA__B7F5SL_22,TMCA,data/control_csv/tmca_raw/2025_12_30_TMCA/B7F5SL_22.csv,2026-01-05,AA7075_ER5356_180A,Aluminum alloy,AA7075,ER5356,GTAW,180,,,Ar,,3.8,,,0.6390037830689246,0.3,0.0045441509403515825,manifest,4.8577202675,,,,,,,2.1,32.760000000000005,32.760000000000005,139.81800000000004,100.83999999999999,133.6,,,0.0851680670922688,,yes,yes,auto,auto,prefilled from manuscript processed summary and matching raw metrics JSON,B7F5SL_22,2025_12_30_TMCA,raw_data/TMCA/2025_12_30_TMCA/B7F5SL_22.xml
2025_12_30_TMCA__B7F5SL_23,TMCA,data/control_csv/tmca_raw/2025_12_30_TMCA/B7F5SL_23.csv,2026-01-05,AA7075_ER5356_180A,Aluminum alloy,AA7075,ER5356,GTAW,180,,,Ar,,3.8,,,0.6390019279772435,0.3,0.004532980283891714,manifest,5.1900820832,,,,,,,2.1,32.088,32.088,139.79700000000003,97.912,130.0,,,0.088398442048285,,yes,yes,auto,auto,prefilled from manuscript processed summary and matching raw metrics JSON,B7F5SL_23,2025_12_30_TMCA,raw_data/TMCA/2025_12_30_TMCA/B7F5SL_23.xml
2026_3_6_TMCA__B7F5SL_7,TMCA,data/control_csv/tmca_raw/2026_3_6_TMCA/B7F5SL_7.csv,2026-03-06,AA7075_ER5356_180A,Aluminum alloy,AA7075,ER5356,GTAW,180,,,Ar,,3.8,,,0.6389993476220572,0.3,0.0045530012497078986,manifest,4.7928158538,,,,,,,2.1,32.907000000000004,32.907000000000004,139.73399999999998,89.293,122.2,,,0.105066937168526,,yes,yes,auto,auto,prefilled from manuscript processed summary and matching raw metrics JSON,B7F5SL_7,2026_3_6_TMCA,raw_data/TMCA/2026_3_6_TMCA/B7F5SL_7.xml
2026_3_6_TMCA__B7F5SL_8,TMCA,data/control_csv/tmca_raw/2026_3_6_TMCA/B7F5SL_8.csv,2026-03-06,AA7075_ER5356_180A,Aluminum alloy,AA7075,ER5356,GTAW,180,,,Ar,,3.8,,,0.6389925541455264,0.3,0.00454039655350976,manifest,4.6208643647,,,,,,,2.1,33.285,33.285,139.755,93.415,126.7,,,0.097110896948816,,almost,yes,auto,auto,prefilled from manuscript processed summary and matching raw metrics JSON,B7F5SL_8,2026_3_6_TMCA,raw_data/TMCA/2026_3_6_TMCA/B7F5SL_8.xml
2026_3_15_TMCA__B7F5SL_8,TMCA,data/control_csv/tmca_raw/2026_3_15_TMCA/B7F5SL_8.csv,2026-03-15,AA7075_ER5356_180A,Aluminum alloy,AA7075,ER5356,GTAW,180,,,Ar,,4.0,,,0.6389976139318192,0.3,0.004535675840001641,manifest,4.7329604579,,,,,,,2.1,33.053999999999995,33.053999999999995,139.713,119.24600000000001,152.3,,,0.0454226995816151,,no,yes,auto,auto,prefilled from manuscript processed summary and matching raw metrics JSON,B7F5SL_8,2026_3_15_TMCA,raw_data/TMCA/2026_3_15_TMCA/B7F5SL_8.xml
2026_3_15_TMCA__B7F5SL_9,TMCA,data/control_csv/tmca_raw/2026_3_15_TMCA/B7F5SL_9.csv,2026-03-15,AA7075_ER5356_180A,Aluminum alloy,AA7075,ER5356,GTAW,180,,,Ar,,4.0,,,0.6389937642441583,0.3,0.004522926422586785,manifest,4.9293261265,,,,,,,2.1,32.634,32.634,139.776,112.366,145.0,,,0.0610603798157852,,no,yes,auto,auto,prefilled from manuscript processed summary and matching raw metrics JSON,B7F5SL_9,2026_3_15_TMCA,raw_data/TMCA/2026_3_15_TMCA/B7F5SL_9.xml
2025_12_30_TMCA__B7FT7SL_14,TMCA,data/control_csv/tmca_raw/2025_12_30_TMCA/B7FT7SL_14.csv,2025-12-30,AA7075_7075TiC_180A,Aluminum alloy,AA7075,7075TiC,GTAW,180,,,Ar,,3.8,,,0.6390001311729008,0.3,0.004549142048088097,manifest,4.8048465574,,,,,,,2.1,32.907,32.907,139.79700000000003,95.093,128.0,,,0.0944110322934733,,yes,yes,auto,auto,prefilled from manuscript processed summary and matching raw metrics JSON,B7FT7SL_14,2025_12_30_TMCA,raw_data/TMCA/2025_12_30_TMCA/B7FT7SL_14.xml
2025_12_30_TMCA__B7FT7SL_15,TMCA,data/control_csv/tmca_raw/2025_12_30_TMCA/B7FT7SL_15.csv,2025-12-30,AA7075_7075TiC_180A,Aluminum alloy,AA7075,7075TiC,GTAW,180,,,Ar,,3.8,,,0.6390038681559033,0.3,0.004534259097937976,manifest,4.5147826537,,,,,,,2.1,33.495000000000005,33.495000000000005,139.77599999999998,97.405,130.9,,,0.0917884978936497,,yes,yes,auto,auto,prefilled from manuscript processed summary and matching raw metrics JSON,B7FT7SL_15,2025_12_30_TMCA,raw_data/TMCA/2025_12_30_TMCA/B7FT7SL_15.xml
2026_3_29_TMCA__B7FT7SL_19,TMCA,data/control_csv/tmca_raw/2026_3_29_TMCA/B7FT7SL_19.csv,2026-03-29,AA7075_7075TiC_180A,Aluminum alloy,AA7075,7075TiC,GTAW,180,,,Ar,,3.8,,,0.6389961935270798,0.3,0.0045158733607285895,manifest,6.2822505582,,,,,,,2.1,29.799,29.799,139.81799999999998,96.501,126.3,,,0.0939303065356176,,yes,yes,auto,auto,prefilled from manuscript processed summary and matching raw metrics JSON,B7FT7SL_19,2026_3_29_TMCA,raw_data/TMCA/2026_3_29_TMCA/B7FT7SL_19.xml
